method,n,nsim,mean_elapsed_time,sd_elapsed_time,median_elapsed_time,min_elapsed_time,max_elapsed_time
Gibbs,100,500,22.539544,5.148922643119983,23.896,14.417,47.057
Gibbs,1000,500,179.293876,38.448219313635356,155.64350000000002,151.381,256.551
Gibbs,10000,500,2259.30775,539.4867876281218,2422.7055,1391.6550000000002,4616.261
VB,100,500,0.06286,0.015622179905826816,0.06499999999999773,0.03700000000000081,0.17600000000000193
VB,1000,500,0.21026999999999946,0.06705868201558474,0.21049999999999613,0.12800000000001432,0.7609999999999957
VB,10000,500,1.760767999999986,0.4228019265734347,1.8989999999998872,1.0520000000001346,3.888999999999214
